{
  "device": "Mac14,6, Apple M2 Max, macOS 26.5.2",
  "warmups": 8,
  "samples": 100,
  "shared_mipmapped": {
    "frame_ms_p50": 0.0419375,
    "frame_ms_p95": 0.0554601,
    "frame_ms_p99": 0.12494283000000009,
    "encode_ms_p50": 0.0388545,
    "encode_ms_p95": 0.04933815,
    "gpu_ms_p50": 0.09622916695661843,
    "gpu_ms_p95": 0.09993959683924912,
    "gpu_ms_p99": 0.3467625234043257,
    "creation_cpu_ms": 1.155459,
    "first_visible_ms": 2.227041,
    "creation_peak_texture_bytes": 5652480,
    "spatial_variance": 0
  },
  "private_mipmapped": {
    "frame_ms_p50": 0.044729000000000005,
    "frame_ms_p95": 0.1452603999999999,
    "frame_ms_p99": 0.2525775000000008,
    "encode_ms_p50": 0.040729,
    "encode_ms_p95": 0.13964374999999993,
    "gpu_ms_p50": 0.09489583317190409,
    "gpu_ms_p95": 0.10059166525024921,
    "gpu_ms_p99": 0.42622083448805403,
    "creation_cpu_ms": 1.11875,
    "first_visible_ms": 2.26525,
    "creation_peak_texture_bytes": 9879552,
    "spatial_variance": 0
  },
  "decision": "shared_mips_accepted_private_rejected"
}
